{
  "VectorSimilarity": {
    "has_answer": 0.1309164149043303,
    "f1": 0.02609248858105969,
    "latency_ms": 122.1734178248708,
    "by_category": {
      "2": {
        "has_answer": 0.018691588785046728,
        "f1": 0.005169779142024746
      },
      "3": {
        "has_answer": 0.020833333333333332,
        "f1": 0.027447868325722314
      },
      "1": {
        "has_answer": 0.03546099290780142,
        "f1": 0.02107062511258815
      },
      "4": {
        "has_answer": 0.17954815695600476,
        "f1": 0.03266016165664586
      },
      "5": {
        "has_answer": 0.2040358744394619,
        "f1": 0.03165039377384804
      }
    }
  },
  "OscillationResonance": {
    "has_answer": 0.11933534743202417,
    "f1": 0.02556352246079982,
    "latency_ms": 110.44627562937728,
    "by_category": {
      "2": {
        "has_answer": 0.021806853582554516,
        "f1": 0.00465700086168408
      },
      "3": {
        "has_answer": 0.020833333333333332,
        "f1": 0.026441324036607112
      },
      "1": {
        "has_answer": 0.028368794326241134,
        "f1": 0.021831667539835318
      },
      "4": {
        "has_answer": 0.16409036860879905,
        "f1": 0.0318571744242453
      },
      "5": {
        "has_answer": 0.18385650224215247,
        "f1": 0.030913626201815488
      }
    }
  },
  "HybridFusion": {
    "has_answer": 0.15256797583081572,
    "f1": 0.02531139972149596,
    "latency_ms": 805.9294558908094,
    "by_category": {
      "2": {
        "has_answer": 0.018691588785046728,
        "f1": 0.005199701626740262
      },
      "3": {
        "has_answer": 0.03125,
        "f1": 0.026995835823008282
      },
      "1": {
        "has_answer": 0.0425531914893617,
        "f1": 0.02169937359133101
      },
      "4": {
        "has_answer": 0.21046373365041618,
        "f1": 0.031490914352325525
      },
      "5": {
        "has_answer": 0.23542600896860988,
        "f1": 0.03005527592519605
      }
    }
  }
}