{
  "VectorSimilarity": {
    "has_answer": 0.2527693856998993,
    "f1": 0.016460486031646022,
    "latency_ms": 57.43297371570882,
    "by_category": {
      "2": {
        "has_answer": 0.021806853582554516,
        "f1": 0.003393821164668067
      },
      "3": {
        "has_answer": 0.0625,
        "f1": 0.018378823261090204
      },
      "1": {
        "has_answer": 0.08865248226950355,
        "f1": 0.01556468150960187
      },
      "4": {
        "has_answer": 0.35315101070154575,
        "f1": 0.02009336771797305
      },
      "5": {
        "has_answer": 0.3744394618834081,
        "f1": 0.01916811478789871
      }
    }
  },
  "OscillationResonance": {
    "has_answer": 0.24823766364551864,
    "f1": 0.016273020759136697,
    "latency_ms": 143.89645130790194,
    "by_category": {
      "2": {
        "has_answer": 0.021806853582554516,
        "f1": 0.003446643250823789
      },
      "3": {
        "has_answer": 0.08333333333333333,
        "f1": 0.018201078966226542
      },
      "1": {
        "has_answer": 0.09574468085106383,
        "f1": 0.015647623530063156
      },
      "4": {
        "has_answer": 0.3507728894173603,
        "f1": 0.020012644439927854
      },
      "5": {
        "has_answer": 0.34977578475336324,
        "f1": 0.018433361780081082
      }
    }
  },
  "HybridFusion": {
    "has_answer": 0.311178247734139,
    "f1": 0.01657138215731043,
    "latency_ms": 297.24860211351535,
    "by_category": {
      "2": {
        "has_answer": 0.03115264797507788,
        "f1": 0.003664643523491794
      },
      "3": {
        "has_answer": 0.07291666666666667,
        "f1": 0.017403530642929058
      },
      "1": {
        "has_answer": 0.1099290780141844,
        "f1": 0.015881272653221055
      },
      "4": {
        "has_answer": 0.4399524375743163,
        "f1": 0.0205634610158203
      },
      "5": {
        "has_answer": 0.4484304932735426,
        "f1": 0.018590327016016272
      }
    }
  }
}